termino,termino reducido
CENTRO AUTORIZADO SUPERIOR DE ARTE DRAMÁTICO,ARTE
ESCUELA SUPERIOR DE DISEÑO,ARTE
CENTRO AUTORIZADO DE ARTES PLÁSTICAS Y DISEÑO,ARTE
ESCUELA SUPERIOR DE CONSERVACIÓN Y RESTAURACIÓN BIENES CULTURALES,ARTE
ESCUELA DE ARTE,ARTE
CENTRO AUTORIZADO SUPERIOR DE DISEÑO,ARTE
ESCUELA SUPERIOR DE ARTE DRAMÁTICO,ARTE
"CENTRO INTEGRADO DE ENSEÑANZAS ARTÍSTICAS ELEMENTALES Y PROFESIONALES DE MÚSICA, EDUCACIÓN PRIMARIA Y SECUNDARIA",ARTE_PRIMARIA_SECUNDARIA
CENTRO AUTORIZADO PROFESIONAL DE DANZA,DANZA
CONSERVATORIO PROFESIONAL DE DANZA,DANZA
CONSERVATORIO SUPERIOR DE DANZA,DANZA
CENTRO AUTORIZADO SUPERIOR DE DANZA,DANZA
CENTRO PRIVADO DE EDUCACIÓN DE PERSONAS ADULTAS,EDUCACIONADULTA
CENTRO PÚBLICO DE EDUCACIÓN DE PERSONAS ADULTAS,EDUCACIONADULTA
ESCUELA MUNICIPAL DE EDUCACIÓN DE PERSONAS ADULTAS,EDUCACIONADULTA
CENTRO PÚBLICO DE EDUCACIÓN ADULTOS ESTABLECIMIENTOS PENITENCIARIOS,EDUCACIONADULTA_PENITENCIARIO
COLEGIO DE EDUCACIÓN ESPECIAL,EDUCACIONESPECIAL
CENTRO PRIVADO DE EDUCACIÓN ESPECIAL,EDUCACIONESPECIAL
UNIDAD DE FORMACIÓN E INSERCIÓN LABORAL,FORMACIONPROFESIONAL
CENTRO PRIVADO DE FORMACIÓN PROFESIONAL ESPECÍFICA,FORMACIONPROFESIONAL
CENTRO PÚBLICO INTEGRADO DE FORMACIÓN PROFESIONAL,FORMACIONPROFESIONAL
CENTRO TERRITORIAL DE INNOVACIÓN Y FORMACIÓN,FORMACIONPROFESIONAL
CENTRO DE FORMACIÓN AMBIENTAL,FORMACIONPROFESIONAL
CENTRO PÚBLICO DE FORMACIÓN PROFESIONAL ESPECÍFICA,FORMACIONPROFESIONAL
AULA HOSPITALARIA,HOSPITALARIA
AULA HOSPITALARIA PRIVADA,HOSPITALARIA
ESCUELA OFICIAL DE IDIOMAS,IDIOMAS
EXTENSION ESCUELA OFICIAL DE IDIOMAS,IDIOMAS
CENTRO PRIVADO DE EDUCACIÓN INFANTIL,INFANTIL
ESCUELA INFANTIL PRIVADA,INFANTIL
ESCUELA INFANTIL,INFANTIL
ESCUELA  INFANTIL-CASA DE NIÑOS,INFANTIL
ZONA CASAS DE NIÑOS,INFANTIL
CENTRO PRIVADO DE EDUCACIÓN INFANTIL Y PRIMARIA,INFANTIL_PRIMARIA
COLEGIO DE EDUCACIÓN INFANTIL Y PRIMARIA,INFANTIL_PRIMARIA
"COLEGIO DE EDUCACIÓN INFANTIL, PRIMARIA Y SECUNDARIA",INFANTIL_PRIMARIA_SECUNDARIA
"CENTRO PRIVADO DE EDUCACIÓN INFANTIL, PRIMARIA Y SECUNDARIA",INFANTIL_PRIMARIA_SECUNDARIA
CENTRO PRIVADO DE INFANTIL Y SECUNDARIA,INFANTIL_SECUNDARIA
CENTRO DOCENTE MILITAR,MILITAR
CENTRO AUTORIZADO SUPERIOR DE MÚSICA,MUSICA
CENTRO AUTORIZADO ELEMENTAL DE MÚSICA,MUSICA
CONSERVATORIO SUPERIOR DE MÚSICA,MUSICA
CENTRO AUTORIZADO PROFESIONAL DE MÚSICA,MUSICA
ESCUELA MUNICIPAL DE MÚSICA,MUSICA
ESCUELA SUPERIOR DE CANTO,MUSICA
CONSERVATORIO PROFESIONAL DE MÚSICA,MUSICA
CENTRO AUTORIZADO ELEMENTAL Y PROFESIONAL DE MÚSICA,MUSICA
CENTRO AUTORIZADO ELEMENTAL DE MÚSICA Y DANZA,MUSICA_DANZA
ESCUELA MUNICIPAL DE MÚSICA Y DANZA,MUSICA_DANZA
CENTRO AUTORIZADO PROFESIONAL  DE MÚSICA Y DANZA,MUSICA_DANZA
CENTRO INTEGRADO DE ENSEÑANZAS ARTÍSTICAS  PROFESIONALES DE MÚSICA Y EDUCACIÓN SECUNDARIA,MUSICA_SECUNDARIA
CENTRO PÚBLICO DE ENSEÑANZAS DEPORTIVAS,OTRO
CENTRO DE FORMACIÓN PARA INTERCAMBIOS INTERNACIONALES,OTRO
CENTRO REGIONAL DE ENSEÑANZAS INTEGRADAS,OTRO
CENTRO DOCENTE EN EL EXTRANJERO,OTRO
CENTRO DOCENTE EXTRANJERO EN ESPAÑA,OTRO
CENTRO DE FORMACIÓN PARA EL EMPLEO,OTRO
CENTRO EDUCATIVO-TERAPÉUTICO,OTRO
CENTRO REGIONAL DE ENRIQUECIMIENTO EDUCATIVO PARA ALUMNADO DE ALTAS CAPACIDADES INTELECTUALES,OTRO
EQUIPO DE ORIENTACIÓN EDUCATIVA Y PSICOPEDAGÓGICA. ATENCIÓN TEMPRANA,OTRONOEDUCATIVO
EQUIPO DE ORIENTACIÓN EDUCATIVA Y PSICOPEDAGÓGICA. GENERAL.,OTRONOEDUCATIVO
EQUIPO DE ORIENTACIÓN EDUCATIVA Y PSICOPEDAGÓGICA. ESPECÍFICO,OTRONOEDUCATIVO
ESTABLECIMIENTO ADMINISTRATIVO,OTRONOEDUCATIVO
COLEGIO DE EDUCACIÓN PRIMARIA,PRIMARIA
CENTRO PRIVADO DE EDUCACIÓN PRIMARIA,PRIMARIA
CENTRO PRIVADO DE EDUCACIÓN PRIMARIA Y SECUNDARIA,PRIMARIA_SECUNDARIA
CENTRO AUTORIZADO DE ENSEÑANZAS DEPORTIVAS GRADO MEDIO,SECUNDARIA
CENTRO PRIVADO DE EDUCACIÓN SECUNDARIA,SECUNDARIA
SECCIÓN DE INSTITUTO DE EDUCACIÓN SECUNDARIA,SECUNDARIA
INSTITUTO DE EDUCACIÓN SECUNDARIA,SECUNDARIA
CENTRO AUTORIZADO DE ENSEÑANZAS DEPORTIVAS GRADO MEDIO Y SUPERIOR,SECUNDARIA_SUPERIOR
INSTITUTO SUPERIOR MADRILEÑO DE INNOVACIÓN EDUCATIVA,SUPERIOR
CENTRO AUTORIZADO DE ENSEÑANZAS DEPORTIVAS GRADO SUPERIOR,SUPERIOR
UNIVERSIDAD,UNIVERSITARIO
