,from_id,to_id,travel_time
0,CRS3035RES1000mN2022000E3146000,28027618,82.0
1,CRS3035RES1000mN2022000E3146000,28027591,84.0
2,CRS3035RES1000mN2022000E3146000,28027606,105.0
3,CRS3035RES1000mN2022000E3146000,28027898,107.0
4,CRS3035RES1000mN2022000E3146000,28041810,76.0
5,CRS3035RES1000mN2022000E3146000,AM_1,48.0
6,CRS3035RES1000mN2022000E3146000,AM_2,90.0
7,CRS3035RES1000mN2022000E3146000,AM_3,85.0
8,CRS3035RES1000mN2022000E3146000,AM_5,75.0
9,CRS3035RES1000mN2022000E3146000,AM_8,88.0
10,CRS3035RES1000mN2022000E3146000,AM_9,104.0
11,CRS3035RES1000mN2022000E3146000,AM_10,89.0
12,CRS3035RES1000mN2022000E3146000,AM_11,79.0
13,CRS3035RES1000mN2022000E3146000,AM_12,99.0
14,CRS3035RES1000mN2022000E3146000,AM_13,112.0
15,CRS3035RES1000mN2022000E3146000,AM_14,85.0
16,CRS3035RES1000mN2022000E3146000,AM_15,107.0
17,CRS3035RES1000mN2022000E3146000,AM_16,72.0
18,CRS3035RES1000mN2022000E3146000,AM_17,62.0
19,CRS3035RES1000mN2022000E3146000,AM_19,92.0
20,CRS3035RES1000mN2022000E3146000,AM_20,99.0
21,CRS3035RES1000mN2022000E3146000,AM_21,79.0
22,CRS3035RES1000mN2022000E3146000,AM_22,102.0
23,CRS3035RES1000mN2022000E3146000,AM_23,85.0
24,CRS3035RES1000mN2022000E3146000,AM_24,69.0
25,CRS3035RES1000mN2022000E3146000,AM_25,77.0
26,CRS3035RES1000mN2022000E3146000,AM_27,49.0
27,CRS3035RES1000mN2022000E3146000,AM_28,94.0
28,CRS3035RES1000mN2022000E3146000,AM_29,80.0
29,CRS3035RES1000mN2022000E3146000,AM_30,57.0
30,CRS3035RES1000mN2022000E3146000,AM_32,81.0
31,CRS3035RES1000mN2022000E3146000,AM_33,73.0
32,CRS3035RES1000mN2022000E3146000,AM_34,103.0
33,CRS3035RES1000mN2022000E3146000,AM_35,88.0
34,CRS3035RES1000mN2022000E3146000,AM_36,77.0
35,CRS3035RES1000mN2022000E3146000,AM_37,78.0
36,CRS3035RES1000mN2022000E3146000,AM_38,79.0
37,CRS3035RES1000mN2022000E3147000,28027618,78.0
38,CRS3035RES1000mN2022000E3147000,28027591,80.0
39,CRS3035RES1000mN2022000E3147000,28027606,100.0
40,CRS3035RES1000mN2022000E3147000,28027898,103.0
41,CRS3035RES1000mN2022000E3147000,28041810,72.0
42,CRS3035RES1000mN2022000E3147000,AM_1,43.0
43,CRS3035RES1000mN2022000E3147000,AM_2,85.0
44,CRS3035RES1000mN2022000E3147000,AM_3,79.0
45,CRS3035RES1000mN2022000E3147000,AM_5,71.0
46,CRS3035RES1000mN2022000E3147000,AM_8,88.0
47,CRS3035RES1000mN2022000E3147000,AM_9,98.0
48,CRS3035RES1000mN2022000E3147000,AM_10,85.0
49,CRS3035RES1000mN2022000E3147000,AM_11,74.0
50,CRS3035RES1000mN2022000E3147000,AM_12,95.0
51,CRS3035RES1000mN2022000E3147000,AM_13,108.0
52,CRS3035RES1000mN2022000E3147000,AM_14,82.0
53,CRS3035RES1000mN2022000E3147000,AM_15,104.0
54,CRS3035RES1000mN2022000E3147000,AM_16,70.0
55,CRS3035RES1000mN2022000E3147000,AM_17,57.0
56,CRS3035RES1000mN2022000E3147000,AM_19,88.0
57,CRS3035RES1000mN2022000E3147000,AM_20,96.0
58,CRS3035RES1000mN2022000E3147000,AM_21,75.0
59,CRS3035RES1000mN2022000E3147000,AM_22,99.0
60,CRS3035RES1000mN2022000E3147000,AM_23,81.0
61,CRS3035RES1000mN2022000E3147000,AM_24,64.0
62,CRS3035RES1000mN2022000E3147000,AM_25,74.0
63,CRS3035RES1000mN2022000E3147000,AM_27,49.0
64,CRS3035RES1000mN2022000E3147000,AM_28,89.0
65,CRS3035RES1000mN2022000E3147000,AM_29,76.0
66,CRS3035RES1000mN2022000E3147000,AM_30,52.0
67,CRS3035RES1000mN2022000E3147000,AM_32,77.0
68,CRS3035RES1000mN2022000E3147000,AM_33,68.0
69,CRS3035RES1000mN2022000E3147000,AM_34,99.0
70,CRS3035RES1000mN2022000E3147000,AM_35,83.0
71,CRS3035RES1000mN2022000E3147000,AM_36,72.0
72,CRS3035RES1000mN2022000E3147000,AM_37,74.0
73,CRS3035RES1000mN2022000E3147000,AM_38,75.0
74,CRS3035RES1000mN2022000E3148000,28027618,76.0
75,CRS3035RES1000mN2022000E3148000,28027591,78.0
76,CRS3035RES1000mN2022000E3148000,28027606,101.0
77,CRS3035RES1000mN2022000E3148000,28027898,103.0
78,CRS3035RES1000mN2022000E3148000,28041810,64.0
79,CRS3035RES1000mN2022000E3148000,AM_1,45.0
80,CRS3035RES1000mN2022000E3148000,AM_2,84.0
81,CRS3035RES1000mN2022000E3148000,AM_3,79.0
82,CRS3035RES1000mN2022000E3148000,AM_5,69.0
83,CRS3035RES1000mN2022000E3148000,AM_8,93.0
84,CRS3035RES1000mN2022000E3148000,AM_9,101.0
85,CRS3035RES1000mN2022000E3148000,AM_10,83.0
86,CRS3035RES1000mN2022000E3148000,AM_11,73.0
87,CRS3035RES1000mN2022000E3148000,AM_12,95.0
88,CRS3035RES1000mN2022000E3148000,AM_13,111.0
89,CRS3035RES1000mN2022000E3148000,AM_14,79.0
90,CRS3035RES1000mN2022000E3148000,AM_15,104.0
91,CRS3035RES1000mN2022000E3148000,AM_16,73.0
92,CRS3035RES1000mN2022000E3148000,AM_17,54.0
93,CRS3035RES1000mN2022000E3148000,AM_19,85.0
94,CRS3035RES1000mN2022000E3148000,AM_20,98.0
95,CRS3035RES1000mN2022000E3148000,AM_21,72.0
96,CRS3035RES1000mN2022000E3148000,AM_22,101.0
97,CRS3035RES1000mN2022000E3148000,AM_23,79.0
98,CRS3035RES1000mN2022000E3148000,AM_24,67.0
99,CRS3035RES1000mN2022000E3148000,AM_25,71.0
100,CRS3035RES1000mN2022000E3148000,AM_27,53.0
101,CRS3035RES1000mN2022000E3148000,AM_28,88.0
102,CRS3035RES1000mN2022000E3148000,AM_29,77.0
103,CRS3035RES1000mN2022000E3148000,AM_30,48.0
104,CRS3035RES1000mN2022000E3148000,AM_32,74.0
105,CRS3035RES1000mN2022000E3148000,AM_33,66.0
106,CRS3035RES1000mN2022000E3148000,AM_34,103.0
107,CRS3035RES1000mN2022000E3148000,AM_35,81.0
108,CRS3035RES1000mN2022000E3148000,AM_36,70.0
109,CRS3035RES1000mN2022000E3148000,AM_37,75.0
110,CRS3035RES1000mN2022000E3148000,AM_38,73.0
111,CRS3035RES1000mN2023000E3145000,28027618,70.0
112,CRS3035RES1000mN2023000E3145000,28027591,72.0
113,CRS3035RES1000mN2023000E3145000,28027606,98.0
114,CRS3035RES1000mN2023000E3145000,28027898,98.0
115,CRS3035RES1000mN2023000E3145000,28041810,67.0
116,CRS3035RES1000mN2023000E3145000,AM_1,31.0
117,CRS3035RES1000mN2023000E3145000,AM_2,77.0
118,CRS3035RES1000mN2023000E3145000,AM_3,79.0
119,CRS3035RES1000mN2023000E3145000,AM_5,63.0
120,CRS3035RES1000mN2023000E3145000,AM_8,89.0
121,CRS3035RES1000mN2023000E3145000,AM_9,98.0
122,CRS3035RES1000mN2023000E3145000,AM_10,81.0
123,CRS3035RES1000mN2023000E3145000,AM_11,71.0
124,CRS3035RES1000mN2023000E3145000,AM_12,93.0
125,CRS3035RES1000mN2023000E3145000,AM_13,108.0
126,CRS3035RES1000mN2023000E3145000,AM_14,74.0
127,CRS3035RES1000mN2023000E3145000,AM_15,95.0
128,CRS3035RES1000mN2023000E3145000,AM_16,59.0
129,CRS3035RES1000mN2023000E3145000,AM_17,58.0
130,CRS3035RES1000mN2023000E3145000,AM_19,83.0
131,CRS3035RES1000mN2023000E3145000,AM_20,88.0
132,CRS3035RES1000mN2023000E3145000,AM_21,66.0
133,CRS3035RES1000mN2023000E3145000,AM_22,91.0
134,CRS3035RES1000mN2023000E3145000,AM_23,74.0
135,CRS3035RES1000mN2023000E3145000,AM_24,53.0
136,CRS3035RES1000mN2023000E3145000,AM_25,68.0
137,CRS3035RES1000mN2023000E3145000,AM_27,45.0
138,CRS3035RES1000mN2023000E3145000,AM_28,83.0
139,CRS3035RES1000mN2023000E3145000,AM_29,77.0
140,CRS3035RES1000mN2023000E3145000,AM_30,51.0
141,CRS3035RES1000mN2023000E3145000,AM_32,72.0
142,CRS3035RES1000mN2023000E3145000,AM_33,64.0
143,CRS3035RES1000mN2023000E3145000,AM_34,102.0
144,CRS3035RES1000mN2023000E3145000,AM_35,79.0
145,CRS3035RES1000mN2023000E3145000,AM_36,64.0
146,CRS3035RES1000mN2023000E3145000,AM_37,74.0
147,CRS3035RES1000mN2023000E3145000,AM_38,71.0
148,CRS3035RES1000mN2023000E3146000,28027618,64.0
149,CRS3035RES1000mN2023000E3146000,28027591,66.0
150,CRS3035RES1000mN2023000E3146000,28027606,88.0
151,CRS3035RES1000mN2023000E3146000,28027898,92.0
152,CRS3035RES1000mN2023000E3146000,28041810,65.0
153,CRS3035RES1000mN2023000E3146000,AM_1,33.0
154,CRS3035RES1000mN2023000E3146000,AM_2,71.0
155,CRS3035RES1000mN2023000E3146000,AM_3,74.0
156,CRS3035RES1000mN2023000E3146000,AM_5,57.0
157,CRS3035RES1000mN2023000E3146000,AM_8,72.0
158,CRS3035RES1000mN2023000E3146000,AM_9,93.0
159,CRS3035RES1000mN2023000E3146000,AM_10,75.0
160,CRS3035RES1000mN2023000E3146000,AM_11,64.0
161,CRS3035RES1000mN2023000E3146000,AM_12,83.0
162,CRS3035RES1000mN2023000E3146000,AM_13,92.0
163,CRS3035RES1000mN2023000E3146000,AM_14,68.0
164,CRS3035RES1000mN2023000E3146000,AM_15,87.0
165,CRS3035RES1000mN2023000E3146000,AM_16,53.0
166,CRS3035RES1000mN2023000E3146000,AM_17,57.0
167,CRS3035RES1000mN2023000E3146000,AM_19,76.0
168,CRS3035RES1000mN2023000E3146000,AM_20,80.0
169,CRS3035RES1000mN2023000E3146000,AM_21,60.0
170,CRS3035RES1000mN2023000E3146000,AM_22,84.0
171,CRS3035RES1000mN2023000E3146000,AM_23,67.0
172,CRS3035RES1000mN2023000E3146000,AM_24,51.0
173,CRS3035RES1000mN2023000E3146000,AM_25,62.0
174,CRS3035RES1000mN2023000E3146000,AM_27,41.0
175,CRS3035RES1000mN2023000E3146000,AM_28,76.0
176,CRS3035RES1000mN2023000E3146000,AM_29,76.0
177,CRS3035RES1000mN2023000E3146000,AM_30,52.0
178,CRS3035RES1000mN2023000E3146000,AM_32,66.0
179,CRS3035RES1000mN2023000E3146000,AM_33,58.0
180,CRS3035RES1000mN2023000E3146000,AM_34,98.0
181,CRS3035RES1000mN2023000E3146000,AM_35,73.0
182,CRS3035RES1000mN2023000E3146000,AM_36,58.0
183,CRS3035RES1000mN2023000E3146000,AM_37,64.0
184,CRS3035RES1000mN2023000E3146000,AM_38,65.0
185,CRS3035RES1000mN2023000E3147000,28027618,65.0
186,CRS3035RES1000mN2023000E3147000,28027591,67.0
187,CRS3035RES1000mN2023000E3147000,28027606,86.0
188,CRS3035RES1000mN2023000E3147000,28027898,89.0
189,CRS3035RES1000mN2023000E3147000,28041810,57.0
190,CRS3035RES1000mN2023000E3147000,AM_1,34.0
191,CRS3035RES1000mN2023000E3147000,AM_2,72.0
192,CRS3035RES1000mN2023000E3147000,AM_3,75.0
193,CRS3035RES1000mN2023000E3147000,AM_5,58.0
194,CRS3035RES1000mN2023000E3147000,AM_8,74.0
195,CRS3035RES1000mN2023000E3147000,AM_9,84.0
196,CRS3035RES1000mN2023000E3147000,AM_10,73.0
197,CRS3035RES1000mN2023000E3147000,AM_11,62.0
198,CRS3035RES1000mN2023000E3147000,AM_12,81.0
199,CRS3035RES1000mN2023000E3147000,AM_13,92.0
200,CRS3035RES1000mN2023000E3147000,AM_14,68.0
201,CRS3035RES1000mN2023000E3147000,AM_15,93.0
202,CRS3035RES1000mN2023000E3147000,AM_16,62.0
203,CRS3035RES1000mN2023000E3147000,AM_17,46.0
204,CRS3035RES1000mN2023000E3147000,AM_19,75.0
205,CRS3035RES1000mN2023000E3147000,AM_20,88.0
206,CRS3035RES1000mN2023000E3147000,AM_21,61.0
207,CRS3035RES1000mN2023000E3147000,AM_22,91.0
208,CRS3035RES1000mN2023000E3147000,AM_23,68.0
209,CRS3035RES1000mN2023000E3147000,AM_24,56.0
210,CRS3035RES1000mN2023000E3147000,AM_25,61.0
211,CRS3035RES1000mN2023000E3147000,AM_27,40.0
212,CRS3035RES1000mN2023000E3147000,AM_28,78.0
213,CRS3035RES1000mN2023000E3147000,AM_29,74.0
214,CRS3035RES1000mN2023000E3147000,AM_30,39.0
215,CRS3035RES1000mN2023000E3147000,AM_32,64.0
216,CRS3035RES1000mN2023000E3147000,AM_33,56.0
217,CRS3035RES1000mN2023000E3147000,AM_34,94.0
218,CRS3035RES1000mN2023000E3147000,AM_35,70.0
219,CRS3035RES1000mN2023000E3147000,AM_36,59.0
220,CRS3035RES1000mN2023000E3147000,AM_37,65.0
221,CRS3035RES1000mN2023000E3147000,AM_38,63.0
222,CRS3035RES1000mN2023000E3148000,28027618,59.0
223,CRS3035RES1000mN2023000E3148000,28027591,61.0
224,CRS3035RES1000mN2023000E3148000,28027606,81.0
225,CRS3035RES1000mN2023000E3148000,28027898,85.0
226,CRS3035RES1000mN2023000E3148000,28041810,48.0
227,CRS3035RES1000mN2023000E3148000,AM_1,28.0
228,CRS3035RES1000mN2023000E3148000,AM_2,66.0
229,CRS3035RES1000mN2023000E3148000,AM_3,65.0
230,CRS3035RES1000mN2023000E3148000,AM_5,52.0
231,CRS3035RES1000mN2023000E3148000,AM_8,73.0
232,CRS3035RES1000mN2023000E3148000,AM_9,80.0
233,CRS3035RES1000mN2023000E3148000,AM_10,66.0
234,CRS3035RES1000mN2023000E3148000,AM_11,56.0
235,CRS3035RES1000mN2023000E3148000,AM_12,76.0
236,CRS3035RES1000mN2023000E3148000,AM_13,88.0
237,CRS3035RES1000mN2023000E3148000,AM_14,62.0
238,CRS3035RES1000mN2023000E3148000,AM_15,88.0
239,CRS3035RES1000mN2023000E3148000,AM_16,56.0
240,CRS3035RES1000mN2023000E3148000,AM_17,38.0
241,CRS3035RES1000mN2023000E3148000,AM_19,69.0
242,CRS3035RES1000mN2023000E3148000,AM_20,82.0
243,CRS3035RES1000mN2023000E3148000,AM_21,55.0
244,CRS3035RES1000mN2023000E3148000,AM_22,85.0
245,CRS3035RES1000mN2023000E3148000,AM_23,62.0
246,CRS3035RES1000mN2023000E3148000,AM_24,50.0
247,CRS3035RES1000mN2023000E3148000,AM_25,55.0
248,CRS3035RES1000mN2023000E3148000,AM_27,40.0
249,CRS3035RES1000mN2023000E3148000,AM_28,71.0
250,CRS3035RES1000mN2023000E3148000,AM_29,72.0
251,CRS3035RES1000mN2023000E3148000,AM_30,30.0
252,CRS3035RES1000mN2023000E3148000,AM_32,57.0
253,CRS3035RES1000mN2023000E3148000,AM_33,49.0
254,CRS3035RES1000mN2023000E3148000,AM_34,88.0
255,CRS3035RES1000mN2023000E3148000,AM_35,64.0
256,CRS3035RES1000mN2023000E3148000,AM_36,53.0
257,CRS3035RES1000mN2023000E3148000,AM_37,56.0
258,CRS3035RES1000mN2023000E3148000,AM_38,56.0
259,CRS3035RES1000mN2023000E3149000,28027618,60.0
260,CRS3035RES1000mN2023000E3149000,28027591,62.0
261,CRS3035RES1000mN2023000E3149000,28027606,81.0
262,CRS3035RES1000mN2023000E3149000,28027898,86.0
263,CRS3035RES1000mN2023000E3149000,28041810,49.0
264,CRS3035RES1000mN2023000E3149000,AM_1,29.0
265,CRS3035RES1000mN2023000E3149000,AM_2,67.0
266,CRS3035RES1000mN2023000E3149000,AM_3,66.0
267,CRS3035RES1000mN2023000E3149000,AM_5,53.0
268,CRS3035RES1000mN2023000E3149000,AM_8,71.0
269,CRS3035RES1000mN2023000E3149000,AM_9,80.0
270,CRS3035RES1000mN2023000E3149000,AM_10,66.0
271,CRS3035RES1000mN2023000E3149000,AM_11,56.0
272,CRS3035RES1000mN2023000E3149000,AM_12,77.0
273,CRS3035RES1000mN2023000E3149000,AM_13,88.0
274,CRS3035RES1000mN2023000E3149000,AM_14,63.0
275,CRS3035RES1000mN2023000E3149000,AM_15,88.0
276,CRS3035RES1000mN2023000E3149000,AM_16,56.0
277,CRS3035RES1000mN2023000E3149000,AM_17,37.0
278,CRS3035RES1000mN2023000E3149000,AM_19,69.0
279,CRS3035RES1000mN2023000E3149000,AM_20,82.0
280,CRS3035RES1000mN2023000E3149000,AM_21,56.0
281,CRS3035RES1000mN2023000E3149000,AM_22,85.0
282,CRS3035RES1000mN2023000E3149000,AM_23,63.0
283,CRS3035RES1000mN2023000E3149000,AM_24,51.0
284,CRS3035RES1000mN2023000E3149000,AM_25,55.0
285,CRS3035RES1000mN2023000E3149000,AM_27,38.0
286,CRS3035RES1000mN2023000E3149000,AM_28,71.0
287,CRS3035RES1000mN2023000E3149000,AM_29,72.0
288,CRS3035RES1000mN2023000E3149000,AM_30,30.0
289,CRS3035RES1000mN2023000E3149000,AM_32,58.0
290,CRS3035RES1000mN2023000E3149000,AM_33,50.0
291,CRS3035RES1000mN2023000E3149000,AM_34,88.0
292,CRS3035RES1000mN2023000E3149000,AM_35,64.0
293,CRS3035RES1000mN2023000E3149000,AM_36,53.0
294,CRS3035RES1000mN2023000E3149000,AM_37,56.0
295,CRS3035RES1000mN2023000E3149000,AM_38,56.0
296,CRS3035RES1000mN2024000E3145000,28027618,65.0
297,CRS3035RES1000mN2024000E3145000,28027591,67.0
298,CRS3035RES1000mN2024000E3145000,28027606,87.0
299,CRS3035RES1000mN2024000E3145000,28027898,91.0
300,CRS3035RES1000mN2024000E3145000,28041810,58.0
301,CRS3035RES1000mN2024000E3145000,AM_1,21.0
302,CRS3035RES1000mN2024000E3145000,AM_2,72.0
303,CRS3035RES1000mN2024000E3145000,AM_3,75.0
304,CRS3035RES1000mN2024000E3145000,AM_5,58.0
305,CRS3035RES1000mN2024000E3145000,AM_8,70.0
306,CRS3035RES1000mN2024000E3145000,AM_9,86.0
307,CRS3035RES1000mN2024000E3145000,AM_10,74.0
308,CRS3035RES1000mN2024000E3145000,AM_11,63.0
309,CRS3035RES1000mN2024000E3145000,AM_12,83.0
310,CRS3035RES1000mN2024000E3145000,AM_13,93.0
311,CRS3035RES1000mN2024000E3145000,AM_14,68.0
312,CRS3035RES1000mN2024000E3145000,AM_15,91.0
313,CRS3035RES1000mN2024000E3145000,AM_16,56.0
314,CRS3035RES1000mN2024000E3145000,AM_17,47.0
315,CRS3035RES1000mN2024000E3145000,AM_19,76.0
316,CRS3035RES1000mN2024000E3145000,AM_20,84.0
317,CRS3035RES1000mN2024000E3145000,AM_21,62.0
318,CRS3035RES1000mN2024000E3145000,AM_22,88.0
319,CRS3035RES1000mN2024000E3145000,AM_23,69.0
320,CRS3035RES1000mN2024000E3145000,AM_24,42.0
321,CRS3035RES1000mN2024000E3145000,AM_25,62.0
322,CRS3035RES1000mN2024000E3145000,AM_27,30.0
323,CRS3035RES1000mN2024000E3145000,AM_28,78.0
324,CRS3035RES1000mN2024000E3145000,AM_29,75.0
325,CRS3035RES1000mN2024000E3145000,AM_30,41.0
326,CRS3035RES1000mN2024000E3145000,AM_32,65.0
327,CRS3035RES1000mN2024000E3145000,AM_33,57.0
328,CRS3035RES1000mN2024000E3145000,AM_34,96.0
329,CRS3035RES1000mN2024000E3145000,AM_35,72.0
330,CRS3035RES1000mN2024000E3145000,AM_36,60.0
331,CRS3035RES1000mN2024000E3145000,AM_37,65.0
332,CRS3035RES1000mN2024000E3145000,AM_38,63.0
333,CRS3035RES1000mN2024000E3146000,28027618,65.0
334,CRS3035RES1000mN2024000E3146000,28027591,67.0
335,CRS3035RES1000mN2024000E3146000,28027606,86.0
336,CRS3035RES1000mN2024000E3146000,28027898,90.0
337,CRS3035RES1000mN2024000E3146000,28041810,58.0
338,CRS3035RES1000mN2024000E3146000,AM_1,22.0
339,CRS3035RES1000mN2024000E3146000,AM_2,72.0
340,CRS3035RES1000mN2024000E3146000,AM_3,75.0
341,CRS3035RES1000mN2024000E3146000,AM_5,57.0
342,CRS3035RES1000mN2024000E3146000,AM_8,69.0
343,CRS3035RES1000mN2024000E3146000,AM_9,85.0
344,CRS3035RES1000mN2024000E3146000,AM_10,73.0
345,CRS3035RES1000mN2024000E3146000,AM_11,63.0
346,CRS3035RES1000mN2024000E3146000,AM_12,82.0
347,CRS3035RES1000mN2024000E3146000,AM_13,92.0
348,CRS3035RES1000mN2024000E3146000,AM_14,68.0
349,CRS3035RES1000mN2024000E3146000,AM_15,89.0
350,CRS3035RES1000mN2024000E3146000,AM_16,54.0
351,CRS3035RES1000mN2024000E3146000,AM_17,47.0
352,CRS3035RES1000mN2024000E3146000,AM_19,75.0
353,CRS3035RES1000mN2024000E3146000,AM_20,82.0
354,CRS3035RES1000mN2024000E3146000,AM_21,61.0
355,CRS3035RES1000mN2024000E3146000,AM_22,85.0
356,CRS3035RES1000mN2024000E3146000,AM_23,67.0
357,CRS3035RES1000mN2024000E3146000,AM_24,44.0
358,CRS3035RES1000mN2024000E3146000,AM_25,61.0
359,CRS3035RES1000mN2024000E3146000,AM_27,21.0
360,CRS3035RES1000mN2024000E3146000,AM_28,77.0
361,CRS3035RES1000mN2024000E3146000,AM_29,74.0
362,CRS3035RES1000mN2024000E3146000,AM_30,42.0
363,CRS3035RES1000mN2024000E3146000,AM_32,65.0
364,CRS3035RES1000mN2024000E3146000,AM_33,56.0
365,CRS3035RES1000mN2024000E3146000,AM_34,95.0
366,CRS3035RES1000mN2024000E3146000,AM_35,71.0
367,CRS3035RES1000mN2024000E3146000,AM_36,59.0
368,CRS3035RES1000mN2024000E3146000,AM_37,65.0
369,CRS3035RES1000mN2024000E3146000,AM_38,64.0
370,CRS3035RES1000mN2024000E3147000,28027618,51.0
371,CRS3035RES1000mN2024000E3147000,28027591,53.0
372,CRS3035RES1000mN2024000E3147000,28027606,75.0
373,CRS3035RES1000mN2024000E3147000,28027898,82.0
374,CRS3035RES1000mN2024000E3147000,28041810,49.0
375,CRS3035RES1000mN2024000E3147000,AM_1,15.0
376,CRS3035RES1000mN2024000E3147000,AM_2,58.0
377,CRS3035RES1000mN2024000E3147000,AM_3,59.0
378,CRS3035RES1000mN2024000E3147000,AM_5,44.0
379,CRS3035RES1000mN2024000E3147000,AM_8,59.0
380,CRS3035RES1000mN2024000E3147000,AM_9,77.0
381,CRS3035RES1000mN2024000E3147000,AM_10,62.0
382,CRS3035RES1000mN2024000E3147000,AM_11,51.0
383,CRS3035RES1000mN2024000E3147000,AM_12,68.0
384,CRS3035RES1000mN2024000E3147000,AM_13,76.0
385,CRS3035RES1000mN2024000E3147000,AM_14,55.0
386,CRS3035RES1000mN2024000E3147000,AM_15,76.0
387,CRS3035RES1000mN2024000E3147000,AM_16,41.0
388,CRS3035RES1000mN2024000E3147000,AM_17,39.0
389,CRS3035RES1000mN2024000E3147000,AM_19,63.0
390,CRS3035RES1000mN2024000E3147000,AM_20,67.0
391,CRS3035RES1000mN2024000E3147000,AM_21,48.0
392,CRS3035RES1000mN2024000E3147000,AM_22,71.0
393,CRS3035RES1000mN2024000E3147000,AM_23,55.0
394,CRS3035RES1000mN2024000E3147000,AM_24,36.0
395,CRS3035RES1000mN2024000E3147000,AM_25,49.0
396,CRS3035RES1000mN2024000E3147000,AM_27,25.0
397,CRS3035RES1000mN2024000E3147000,AM_28,64.0
398,CRS3035RES1000mN2024000E3147000,AM_29,69.0
399,CRS3035RES1000mN2024000E3147000,AM_30,31.0
400,CRS3035RES1000mN2024000E3147000,AM_32,53.0
401,CRS3035RES1000mN2024000E3147000,AM_33,44.0
402,CRS3035RES1000mN2024000E3147000,AM_34,75.0
403,CRS3035RES1000mN2024000E3147000,AM_35,59.0
404,CRS3035RES1000mN2024000E3147000,AM_36,45.0
405,CRS3035RES1000mN2024000E3147000,AM_37,50.0
406,CRS3035RES1000mN2024000E3147000,AM_38,51.0
407,CRS3035RES1000mN2024000E3148000,28027618,56.0
408,CRS3035RES1000mN2024000E3148000,28027591,58.0
409,CRS3035RES1000mN2024000E3148000,28027606,79.0
410,CRS3035RES1000mN2024000E3148000,28027898,84.0
411,CRS3035RES1000mN2024000E3148000,28041810,50.0
412,CRS3035RES1000mN2024000E3148000,AM_1,19.0
413,CRS3035RES1000mN2024000E3148000,AM_2,64.0
414,CRS3035RES1000mN2024000E3148000,AM_3,63.0
415,CRS3035RES1000mN2024000E3148000,AM_5,49.0
416,CRS3035RES1000mN2024000E3148000,AM_8,68.0
417,CRS3035RES1000mN2024000E3148000,AM_9,79.0
418,CRS3035RES1000mN2024000E3148000,AM_10,64.0
419,CRS3035RES1000mN2024000E3148000,AM_11,54.0
420,CRS3035RES1000mN2024000E3148000,AM_12,72.0
421,CRS3035RES1000mN2024000E3148000,AM_13,78.0
422,CRS3035RES1000mN2024000E3148000,AM_14,60.0
423,CRS3035RES1000mN2024000E3148000,AM_15,83.0
424,CRS3035RES1000mN2024000E3148000,AM_16,48.0
425,CRS3035RES1000mN2024000E3148000,AM_17,39.0
426,CRS3035RES1000mN2024000E3148000,AM_19,67.0
427,CRS3035RES1000mN2024000E3148000,AM_20,75.0
428,CRS3035RES1000mN2024000E3148000,AM_21,53.0
429,CRS3035RES1000mN2024000E3148000,AM_22,78.0
430,CRS3035RES1000mN2024000E3148000,AM_23,59.0
431,CRS3035RES1000mN2024000E3148000,AM_24,41.0
432,CRS3035RES1000mN2024000E3148000,AM_25,52.0
433,CRS3035RES1000mN2024000E3148000,AM_27,36.0
434,CRS3035RES1000mN2024000E3148000,AM_28,69.0
435,CRS3035RES1000mN2024000E3148000,AM_29,71.0
436,CRS3035RES1000mN2024000E3148000,AM_30,32.0
437,CRS3035RES1000mN2024000E3148000,AM_32,55.0
438,CRS3035RES1000mN2024000E3148000,AM_33,47.0
439,CRS3035RES1000mN2024000E3148000,AM_34,76.0
440,CRS3035RES1000mN2024000E3148000,AM_35,62.0
441,CRS3035RES1000mN2024000E3148000,AM_36,51.0
442,CRS3035RES1000mN2024000E3148000,AM_37,53.0
443,CRS3035RES1000mN2024000E3148000,AM_38,54.0
444,CRS3035RES1000mN2024000E3149000,28027618,55.0
445,CRS3035RES1000mN2024000E3149000,28027591,57.0
446,CRS3035RES1000mN2024000E3149000,28027606,76.0
447,CRS3035RES1000mN2024000E3149000,28027898,80.0
448,CRS3035RES1000mN2024000E3149000,28041810,54.0
449,CRS3035RES1000mN2024000E3149000,AM_1,31.0
450,CRS3035RES1000mN2024000E3149000,AM_2,62.0
451,CRS3035RES1000mN2024000E3149000,AM_3,54.0
452,CRS3035RES1000mN2024000E3149000,AM_5,48.0
453,CRS3035RES1000mN2024000E3149000,AM_8,74.0
454,CRS3035RES1000mN2024000E3149000,AM_9,78.0
455,CRS3035RES1000mN2024000E3149000,AM_10,62.0
456,CRS3035RES1000mN2024000E3149000,AM_11,52.0
457,CRS3035RES1000mN2024000E3149000,AM_12,69.0
458,CRS3035RES1000mN2024000E3149000,AM_13,76.0
459,CRS3035RES1000mN2024000E3149000,AM_14,58.0
460,CRS3035RES1000mN2024000E3149000,AM_15,82.0
461,CRS3035RES1000mN2024000E3149000,AM_16,49.0
462,CRS3035RES1000mN2024000E3149000,AM_17,41.0
463,CRS3035RES1000mN2024000E3149000,AM_19,64.0
464,CRS3035RES1000mN2024000E3149000,AM_20,76.0
465,CRS3035RES1000mN2024000E3149000,AM_21,51.0
466,CRS3035RES1000mN2024000E3149000,AM_22,79.0
467,CRS3035RES1000mN2024000E3149000,AM_23,58.0
468,CRS3035RES1000mN2024000E3149000,AM_24,53.0
469,CRS3035RES1000mN2024000E3149000,AM_25,50.0
470,CRS3035RES1000mN2024000E3149000,AM_27,41.0
471,CRS3035RES1000mN2024000E3149000,AM_28,67.0
472,CRS3035RES1000mN2024000E3149000,AM_29,63.0
473,CRS3035RES1000mN2024000E3149000,AM_30,35.0
474,CRS3035RES1000mN2024000E3149000,AM_32,53.0
475,CRS3035RES1000mN2024000E3149000,AM_33,44.0
476,CRS3035RES1000mN2024000E3149000,AM_34,74.0
477,CRS3035RES1000mN2024000E3149000,AM_35,60.0
478,CRS3035RES1000mN2024000E3149000,AM_36,49.0
479,CRS3035RES1000mN2024000E3149000,AM_37,51.0
480,CRS3035RES1000mN2024000E3149000,AM_38,51.0
481,CRS3035RES1000mN2025000E3144000,28027618,73.0
482,CRS3035RES1000mN2025000E3144000,28027591,75.0
483,CRS3035RES1000mN2025000E3144000,28027606,93.0
484,CRS3035RES1000mN2025000E3144000,28027898,97.0
485,CRS3035RES1000mN2025000E3144000,28041810,81.0
486,CRS3035RES1000mN2025000E3144000,AM_1,43.0
487,CRS3035RES1000mN2025000E3144000,AM_2,81.0
488,CRS3035RES1000mN2025000E3144000,AM_3,78.0
489,CRS3035RES1000mN2025000E3144000,AM_5,66.0
490,CRS3035RES1000mN2025000E3144000,AM_8,67.0
491,CRS3035RES1000mN2025000E3144000,AM_9,99.0
492,CRS3035RES1000mN2025000E3144000,AM_10,80.0
493,CRS3035RES1000mN2025000E3144000,AM_11,69.0
494,CRS3035RES1000mN2025000E3144000,AM_12,88.0
495,CRS3035RES1000mN2025000E3144000,AM_13,96.0
496,CRS3035RES1000mN2025000E3144000,AM_14,76.0
497,CRS3035RES1000mN2025000E3144000,AM_15,100.0
498,CRS3035RES1000mN2025000E3144000,AM_16,68.0
499,CRS3035RES1000mN2025000E3144000,AM_17,68.0
500,CRS3035RES1000mN2025000E3144000,AM_19,82.0
501,CRS3035RES1000mN2025000E3144000,AM_20,94.0
502,CRS3035RES1000mN2025000E3144000,AM_21,69.0
503,CRS3035RES1000mN2025000E3144000,AM_22,98.0
504,CRS3035RES1000mN2025000E3144000,AM_23,76.0
505,CRS3035RES1000mN2025000E3144000,AM_24,68.0
506,CRS3035RES1000mN2025000E3144000,AM_25,68.0
507,CRS3035RES1000mN2025000E3144000,AM_27,34.0
508,CRS3035RES1000mN2025000E3144000,AM_28,85.0
509,CRS3035RES1000mN2025000E3144000,AM_29,77.0
510,CRS3035RES1000mN2025000E3144000,AM_30,61.0
511,CRS3035RES1000mN2025000E3144000,AM_32,71.0
512,CRS3035RES1000mN2025000E3144000,AM_33,63.0
513,CRS3035RES1000mN2025000E3144000,AM_34,101.0
514,CRS3035RES1000mN2025000E3144000,AM_35,78.0
515,CRS3035RES1000mN2025000E3144000,AM_36,67.0
516,CRS3035RES1000mN2025000E3144000,AM_37,69.0
517,CRS3035RES1000mN2025000E3144000,AM_38,70.0
518,CRS3035RES1000mN2025000E3145000,28027618,64.0
519,CRS3035RES1000mN2025000E3145000,28027591,66.0
520,CRS3035RES1000mN2025000E3145000,28027606,85.0
521,CRS3035RES1000mN2025000E3145000,28027898,89.0
522,CRS3035RES1000mN2025000E3145000,28041810,62.0
523,CRS3035RES1000mN2025000E3145000,AM_1,30.0
524,CRS3035RES1000mN2025000E3145000,AM_2,71.0
525,CRS3035RES1000mN2025000E3145000,AM_3,75.0
526,CRS3035RES1000mN2025000E3145000,AM_5,57.0
527,CRS3035RES1000mN2025000E3145000,AM_8,53.0
528,CRS3035RES1000mN2025000E3145000,AM_9,82.0
529,CRS3035RES1000mN2025000E3145000,AM_10,71.0
530,CRS3035RES1000mN2025000E3145000,AM_11,61.0
531,CRS3035RES1000mN2025000E3145000,AM_12,81.0
532,CRS3035RES1000mN2025000E3145000,AM_13,92.0
533,CRS3035RES1000mN2025000E3145000,AM_14,67.0
534,CRS3035RES1000mN2025000E3145000,AM_15,88.0
535,CRS3035RES1000mN2025000E3145000,AM_16,53.0
536,CRS3035RES1000mN2025000E3145000,AM_17,53.0
537,CRS3035RES1000mN2025000E3145000,AM_19,74.0
538,CRS3035RES1000mN2025000E3145000,AM_20,82.0
539,CRS3035RES1000mN2025000E3145000,AM_21,60.0
540,CRS3035RES1000mN2025000E3145000,AM_22,86.0
541,CRS3035RES1000mN2025000E3145000,AM_23,66.0
542,CRS3035RES1000mN2025000E3145000,AM_24,52.0
543,CRS3035RES1000mN2025000E3145000,AM_25,60.0
544,CRS3035RES1000mN2025000E3145000,AM_27,20.0
545,CRS3035RES1000mN2025000E3145000,AM_28,76.0
546,CRS3035RES1000mN2025000E3145000,AM_29,73.0
547,CRS3035RES1000mN2025000E3145000,AM_30,46.0
548,CRS3035RES1000mN2025000E3145000,AM_32,63.0
549,CRS3035RES1000mN2025000E3145000,AM_33,55.0
550,CRS3035RES1000mN2025000E3145000,AM_34,92.0
551,CRS3035RES1000mN2025000E3145000,AM_35,69.0
552,CRS3035RES1000mN2025000E3145000,AM_36,58.0
553,CRS3035RES1000mN2025000E3145000,AM_37,62.0
554,CRS3035RES1000mN2025000E3145000,AM_38,61.0
555,CRS3035RES1000mN2025000E3146000,28027618,63.0
556,CRS3035RES1000mN2025000E3146000,28027591,65.0
557,CRS3035RES1000mN2025000E3146000,28027606,87.0
558,CRS3035RES1000mN2025000E3146000,28027898,91.0
559,CRS3035RES1000mN2025000E3146000,28041810,61.0
560,CRS3035RES1000mN2025000E3146000,AM_1,28.0
561,CRS3035RES1000mN2025000E3146000,AM_2,70.0
562,CRS3035RES1000mN2025000E3146000,AM_3,74.0
563,CRS3035RES1000mN2025000E3146000,AM_5,56.0
564,CRS3035RES1000mN2025000E3146000,AM_8,65.0
565,CRS3035RES1000mN2025000E3146000,AM_9,93.0
566,CRS3035RES1000mN2025000E3146000,AM_10,74.0
567,CRS3035RES1000mN2025000E3146000,AM_11,63.0
568,CRS3035RES1000mN2025000E3146000,AM_12,83.0
569,CRS3035RES1000mN2025000E3146000,AM_13,92.0
570,CRS3035RES1000mN2025000E3146000,AM_14,66.0
571,CRS3035RES1000mN2025000E3146000,AM_15,86.0
572,CRS3035RES1000mN2025000E3146000,AM_16,51.0
573,CRS3035RES1000mN2025000E3146000,AM_17,49.0
574,CRS3035RES1000mN2025000E3146000,AM_19,75.0
575,CRS3035RES1000mN2025000E3146000,AM_20,80.0
576,CRS3035RES1000mN2025000E3146000,AM_21,59.0
577,CRS3035RES1000mN2025000E3146000,AM_22,84.0
578,CRS3035RES1000mN2025000E3146000,AM_23,66.0
579,CRS3035RES1000mN2025000E3146000,AM_24,50.0
580,CRS3035RES1000mN2025000E3146000,AM_25,61.0
581,CRS3035RES1000mN2025000E3146000,AM_27,9.0
582,CRS3035RES1000mN2025000E3146000,AM_28,75.0
583,CRS3035RES1000mN2025000E3146000,AM_29,76.0
584,CRS3035RES1000mN2025000E3146000,AM_30,43.0
585,CRS3035RES1000mN2025000E3146000,AM_32,65.0
586,CRS3035RES1000mN2025000E3146000,AM_33,57.0
587,CRS3035RES1000mN2025000E3146000,AM_34,97.0
588,CRS3035RES1000mN2025000E3146000,AM_35,72.0
589,CRS3035RES1000mN2025000E3146000,AM_36,57.0
590,CRS3035RES1000mN2025000E3146000,AM_37,64.0
591,CRS3035RES1000mN2025000E3146000,AM_38,65.0
592,CRS3035RES1000mN2025000E3147000,28027618,65.0
593,CRS3035RES1000mN2025000E3147000,28027591,67.0
594,CRS3035RES1000mN2025000E3147000,28027606,86.0
595,CRS3035RES1000mN2025000E3147000,28027898,89.0
596,CRS3035RES1000mN2025000E3147000,28041810,64.0
597,CRS3035RES1000mN2025000E3147000,AM_1,32.0
598,CRS3035RES1000mN2025000E3147000,AM_2,72.0
599,CRS3035RES1000mN2025000E3147000,AM_3,75.0
600,CRS3035RES1000mN2025000E3147000,AM_5,58.0
601,CRS3035RES1000mN2025000E3147000,AM_8,51.0
602,CRS3035RES1000mN2025000E3147000,AM_9,84.0
603,CRS3035RES1000mN2025000E3147000,AM_10,72.0
604,CRS3035RES1000mN2025000E3147000,AM_11,62.0
605,CRS3035RES1000mN2025000E3147000,AM_12,82.0
606,CRS3035RES1000mN2025000E3147000,AM_13,92.0
607,CRS3035RES1000mN2025000E3147000,AM_14,68.0
608,CRS3035RES1000mN2025000E3147000,AM_15,91.0
609,CRS3035RES1000mN2025000E3147000,AM_16,55.0
610,CRS3035RES1000mN2025000E3147000,AM_17,54.0
611,CRS3035RES1000mN2025000E3147000,AM_19,75.0
612,CRS3035RES1000mN2025000E3147000,AM_20,83.0
613,CRS3035RES1000mN2025000E3147000,AM_21,61.0
614,CRS3035RES1000mN2025000E3147000,AM_22,87.0
615,CRS3035RES1000mN2025000E3147000,AM_23,67.0
616,CRS3035RES1000mN2025000E3147000,AM_24,54.0
617,CRS3035RES1000mN2025000E3147000,AM_25,61.0
618,CRS3035RES1000mN2025000E3147000,AM_27,29.0
619,CRS3035RES1000mN2025000E3147000,AM_28,77.0
620,CRS3035RES1000mN2025000E3147000,AM_29,74.0
621,CRS3035RES1000mN2025000E3147000,AM_30,48.0
622,CRS3035RES1000mN2025000E3147000,AM_32,64.0
623,CRS3035RES1000mN2025000E3147000,AM_33,55.0
624,CRS3035RES1000mN2025000E3147000,AM_34,94.0
625,CRS3035RES1000mN2025000E3147000,AM_35,70.0
626,CRS3035RES1000mN2025000E3147000,AM_36,59.0
627,CRS3035RES1000mN2025000E3147000,AM_37,62.0
628,CRS3035RES1000mN2025000E3147000,AM_38,62.0
629,CRS3035RES1000mN2025000E3148000,28027618,65.0
630,CRS3035RES1000mN2025000E3148000,28027591,67.0
631,CRS3035RES1000mN2025000E3148000,28027606,88.0
632,CRS3035RES1000mN2025000E3148000,28027898,93.0
633,CRS3035RES1000mN2025000E3148000,28041810,67.0
634,CRS3035RES1000mN2025000E3148000,AM_1,42.0
635,CRS3035RES1000mN2025000E3148000,AM_2,72.0
636,CRS3035RES1000mN2025000E3148000,AM_3,75.0
637,CRS3035RES1000mN2025000E3148000,AM_5,58.0
638,CRS3035RES1000mN2025000E3148000,AM_8,69.0
639,CRS3035RES1000mN2025000E3148000,AM_9,96.0
640,CRS3035RES1000mN2025000E3148000,AM_10,76.0
641,CRS3035RES1000mN2025000E3148000,AM_11,65.0
642,CRS3035RES1000mN2025000E3148000,AM_12,83.0
643,CRS3035RES1000mN2025000E3148000,AM_13,92.0
644,CRS3035RES1000mN2025000E3148000,AM_14,68.0
645,CRS3035RES1000mN2025000E3148000,AM_15,89.0
646,CRS3035RES1000mN2025000E3148000,AM_16,53.0
647,CRS3035RES1000mN2025000E3148000,AM_17,56.0
648,CRS3035RES1000mN2025000E3148000,AM_19,78.0
649,CRS3035RES1000mN2025000E3148000,AM_20,82.0
650,CRS3035RES1000mN2025000E3148000,AM_21,61.0
651,CRS3035RES1000mN2025000E3148000,AM_22,86.0
652,CRS3035RES1000mN2025000E3148000,AM_23,68.0
653,CRS3035RES1000mN2025000E3148000,AM_24,60.0
654,CRS3035RES1000mN2025000E3148000,AM_25,63.0
655,CRS3035RES1000mN2025000E3148000,AM_27,39.0
656,CRS3035RES1000mN2025000E3148000,AM_28,77.0
657,CRS3035RES1000mN2025000E3148000,AM_29,76.0
658,CRS3035RES1000mN2025000E3148000,AM_30,51.0
659,CRS3035RES1000mN2025000E3148000,AM_32,67.0
660,CRS3035RES1000mN2025000E3148000,AM_33,59.0
661,CRS3035RES1000mN2025000E3148000,AM_34,99.0
662,CRS3035RES1000mN2025000E3148000,AM_35,74.0
663,CRS3035RES1000mN2025000E3148000,AM_36,59.0
664,CRS3035RES1000mN2025000E3148000,AM_37,65.0
665,CRS3035RES1000mN2025000E3148000,AM_38,67.0
666,CRS3035RES1000mN2025000E3149000,28027618,66.0
667,CRS3035RES1000mN2025000E3149000,28027591,68.0
668,CRS3035RES1000mN2025000E3149000,28027606,87.0
669,CRS3035RES1000mN2025000E3149000,28027898,91.0
670,CRS3035RES1000mN2025000E3149000,28041810,68.0
671,CRS3035RES1000mN2025000E3149000,AM_1,45.0
672,CRS3035RES1000mN2025000E3149000,AM_2,73.0
673,CRS3035RES1000mN2025000E3149000,AM_3,75.0
674,CRS3035RES1000mN2025000E3149000,AM_5,59.0
675,CRS3035RES1000mN2025000E3149000,AM_8,84.0
676,CRS3035RES1000mN2025000E3149000,AM_9,87.0
677,CRS3035RES1000mN2025000E3149000,AM_10,74.0
678,CRS3035RES1000mN2025000E3149000,AM_11,63.0
679,CRS3035RES1000mN2025000E3149000,AM_12,83.0
680,CRS3035RES1000mN2025000E3149000,AM_13,92.0
681,CRS3035RES1000mN2025000E3149000,AM_14,69.0
682,CRS3035RES1000mN2025000E3149000,AM_15,91.0
683,CRS3035RES1000mN2025000E3149000,AM_16,56.0
684,CRS3035RES1000mN2025000E3149000,AM_17,60.0
685,CRS3035RES1000mN2025000E3149000,AM_19,75.0
686,CRS3035RES1000mN2025000E3149000,AM_20,85.0
687,CRS3035RES1000mN2025000E3149000,AM_21,62.0
688,CRS3035RES1000mN2025000E3149000,AM_22,88.0
689,CRS3035RES1000mN2025000E3149000,AM_23,69.0
690,CRS3035RES1000mN2025000E3149000,AM_24,63.0
691,CRS3035RES1000mN2025000E3149000,AM_25,61.0
692,CRS3035RES1000mN2025000E3149000,AM_27,56.0
693,CRS3035RES1000mN2025000E3149000,AM_28,77.0
694,CRS3035RES1000mN2025000E3149000,AM_29,76.0
695,CRS3035RES1000mN2025000E3149000,AM_30,53.0
696,CRS3035RES1000mN2025000E3149000,AM_32,64.0
697,CRS3035RES1000mN2025000E3149000,AM_33,56.0
698,CRS3035RES1000mN2025000E3149000,AM_34,96.0
699,CRS3035RES1000mN2025000E3149000,AM_35,71.0
700,CRS3035RES1000mN2025000E3149000,AM_36,60.0
701,CRS3035RES1000mN2025000E3149000,AM_37,65.0
702,CRS3035RES1000mN2025000E3149000,AM_38,64.0
703,CRS3035RES1000mN2026000E3144000,28027618,79.0
704,CRS3035RES1000mN2026000E3144000,28027591,81.0
705,CRS3035RES1000mN2026000E3144000,28027606,102.0
706,CRS3035RES1000mN2026000E3144000,28027898,106.0
707,CRS3035RES1000mN2026000E3144000,28041810,82.0
708,CRS3035RES1000mN2026000E3144000,AM_1,46.0
709,CRS3035RES1000mN2026000E3144000,AM_2,86.0
710,CRS3035RES1000mN2026000E3144000,AM_3,82.0
711,CRS3035RES1000mN2026000E3144000,AM_5,72.0
712,CRS3035RES1000mN2026000E3144000,AM_8,66.0
713,CRS3035RES1000mN2026000E3144000,AM_9,102.0
714,CRS3035RES1000mN2026000E3144000,AM_10,85.0
715,CRS3035RES1000mN2026000E3144000,AM_11,75.0
716,CRS3035RES1000mN2026000E3144000,AM_12,98.0
717,CRS3035RES1000mN2026000E3144000,AM_13,112.0
718,CRS3035RES1000mN2026000E3144000,AM_14,82.0
719,CRS3035RES1000mN2026000E3144000,AM_15,107.0
720,CRS3035RES1000mN2026000E3144000,AM_16,73.0
721,CRS3035RES1000mN2026000E3144000,AM_17,71.0
722,CRS3035RES1000mN2026000E3144000,AM_19,88.0
723,CRS3035RES1000mN2026000E3144000,AM_20,99.0
724,CRS3035RES1000mN2026000E3144000,AM_21,75.0
725,CRS3035RES1000mN2026000E3144000,AM_22,103.0
726,CRS3035RES1000mN2026000E3144000,AM_23,82.0
727,CRS3035RES1000mN2026000E3144000,AM_24,68.0
728,CRS3035RES1000mN2026000E3144000,AM_25,74.0
729,CRS3035RES1000mN2026000E3144000,AM_27,34.0
730,CRS3035RES1000mN2026000E3144000,AM_28,90.0
731,CRS3035RES1000mN2026000E3144000,AM_29,77.0
732,CRS3035RES1000mN2026000E3144000,AM_30,62.0
733,CRS3035RES1000mN2026000E3144000,AM_32,77.0
734,CRS3035RES1000mN2026000E3144000,AM_33,69.0
735,CRS3035RES1000mN2026000E3144000,AM_34,103.0
736,CRS3035RES1000mN2026000E3144000,AM_35,84.0
737,CRS3035RES1000mN2026000E3144000,AM_36,73.0
738,CRS3035RES1000mN2026000E3144000,AM_37,74.0
739,CRS3035RES1000mN2026000E3144000,AM_38,76.0
740,CRS3035RES1000mN2026000E3145000,28027618,90.0
741,CRS3035RES1000mN2026000E3145000,28027591,92.0
742,CRS3035RES1000mN2026000E3145000,28027606,109.0
743,CRS3035RES1000mN2026000E3145000,28027898,117.0
744,CRS3035RES1000mN2026000E3145000,28041810,97.0
745,CRS3035RES1000mN2026000E3145000,AM_1,68.0
746,CRS3035RES1000mN2026000E3145000,AM_2,97.0
747,CRS3035RES1000mN2026000E3145000,AM_3,95.0
748,CRS3035RES1000mN2026000E3145000,AM_5,83.0
749,CRS3035RES1000mN2026000E3145000,AM_8,70.0
750,CRS3035RES1000mN2026000E3145000,AM_9,115.0
751,CRS3035RES1000mN2026000E3145000,AM_10,96.0
752,CRS3035RES1000mN2026000E3145000,AM_11,86.0
753,CRS3035RES1000mN2026000E3145000,AM_12,103.0
754,CRS3035RES1000mN2026000E3145000,AM_13,112.0
755,CRS3035RES1000mN2026000E3145000,AM_14,92.0
756,CRS3035RES1000mN2026000E3145000,AM_15,118.0
757,CRS3035RES1000mN2026000E3145000,AM_16,84.0
758,CRS3035RES1000mN2026000E3145000,AM_17,83.0
759,CRS3035RES1000mN2026000E3145000,AM_19,99.0
760,CRS3035RES1000mN2026000E3145000,AM_20,112.0
761,CRS3035RES1000mN2026000E3145000,AM_21,86.0
762,CRS3035RES1000mN2026000E3145000,AM_22,115.0
763,CRS3035RES1000mN2026000E3145000,AM_23,92.0
764,CRS3035RES1000mN2026000E3145000,AM_24,89.0
765,CRS3035RES1000mN2026000E3145000,AM_25,85.0
766,CRS3035RES1000mN2026000E3145000,AM_27,41.0
767,CRS3035RES1000mN2026000E3145000,AM_28,101.0
768,CRS3035RES1000mN2026000E3145000,AM_29,105.0
769,CRS3035RES1000mN2026000E3145000,AM_30,80.0
770,CRS3035RES1000mN2026000E3145000,AM_32,88.0
771,CRS3035RES1000mN2026000E3145000,AM_33,79.0
772,CRS3035RES1000mN2026000E3145000,AM_34,
773,CRS3035RES1000mN2026000E3145000,AM_35,94.0
774,CRS3035RES1000mN2026000E3145000,AM_36,83.0
775,CRS3035RES1000mN2026000E3145000,AM_37,82.0
776,CRS3035RES1000mN2026000E3145000,AM_38,86.0
777,CRS3035RES1000mN2026000E3146000,28027618,88.0
778,CRS3035RES1000mN2026000E3146000,28027591,90.0
779,CRS3035RES1000mN2026000E3146000,28027606,108.0
780,CRS3035RES1000mN2026000E3146000,28027898,117.0
781,CRS3035RES1000mN2026000E3146000,28041810,92.0
782,CRS3035RES1000mN2026000E3146000,AM_1,61.0
783,CRS3035RES1000mN2026000E3146000,AM_2,95.0
784,CRS3035RES1000mN2026000E3146000,AM_3,95.0
785,CRS3035RES1000mN2026000E3146000,AM_5,81.0
786,CRS3035RES1000mN2026000E3146000,AM_8,73.0
787,CRS3035RES1000mN2026000E3146000,AM_9,114.0
788,CRS3035RES1000mN2026000E3146000,AM_10,95.0
789,CRS3035RES1000mN2026000E3146000,AM_11,85.0
790,CRS3035RES1000mN2026000E3146000,AM_12,103.0
791,CRS3035RES1000mN2026000E3146000,AM_13,112.0
792,CRS3035RES1000mN2026000E3146000,AM_14,91.0
793,CRS3035RES1000mN2026000E3146000,AM_15,117.0
794,CRS3035RES1000mN2026000E3146000,AM_16,84.0
795,CRS3035RES1000mN2026000E3146000,AM_17,81.0
796,CRS3035RES1000mN2026000E3146000,AM_19,98.0
797,CRS3035RES1000mN2026000E3146000,AM_20,111.0
798,CRS3035RES1000mN2026000E3146000,AM_21,84.0
799,CRS3035RES1000mN2026000E3146000,AM_22,114.0
800,CRS3035RES1000mN2026000E3146000,AM_23,92.0
801,CRS3035RES1000mN2026000E3146000,AM_24,83.0
802,CRS3035RES1000mN2026000E3146000,AM_25,84.0
803,CRS3035RES1000mN2026000E3146000,AM_27,42.0
804,CRS3035RES1000mN2026000E3146000,AM_28,101.0
805,CRS3035RES1000mN2026000E3146000,AM_29,105.0
806,CRS3035RES1000mN2026000E3146000,AM_30,76.0
807,CRS3035RES1000mN2026000E3146000,AM_32,87.0
808,CRS3035RES1000mN2026000E3146000,AM_33,78.0
809,CRS3035RES1000mN2026000E3146000,AM_34,
810,CRS3035RES1000mN2026000E3146000,AM_35,93.0
811,CRS3035RES1000mN2026000E3146000,AM_36,82.0
812,CRS3035RES1000mN2026000E3146000,AM_37,84.0
813,CRS3035RES1000mN2026000E3146000,AM_38,86.0
814,CRS3035RES1000mN2026000E3147000,28027618,82.0
815,CRS3035RES1000mN2026000E3147000,28027591,84.0
816,CRS3035RES1000mN2026000E3147000,28027606,104.0
817,CRS3035RES1000mN2026000E3147000,28027898,110.0
818,CRS3035RES1000mN2026000E3147000,28041810,82.0
819,CRS3035RES1000mN2026000E3147000,AM_1,48.0
820,CRS3035RES1000mN2026000E3147000,AM_2,89.0
821,CRS3035RES1000mN2026000E3147000,AM_3,85.0
822,CRS3035RES1000mN2026000E3147000,AM_5,74.0
823,CRS3035RES1000mN2026000E3147000,AM_8,69.0
824,CRS3035RES1000mN2026000E3147000,AM_9,105.0
825,CRS3035RES1000mN2026000E3147000,AM_10,90.0
826,CRS3035RES1000mN2026000E3147000,AM_11,79.0
827,CRS3035RES1000mN2026000E3147000,AM_12,99.0
828,CRS3035RES1000mN2026000E3147000,AM_13,112.0
829,CRS3035RES1000mN2026000E3147000,AM_14,85.0
830,CRS3035RES1000mN2026000E3147000,AM_15,109.0
831,CRS3035RES1000mN2026000E3147000,AM_16,75.0
832,CRS3035RES1000mN2026000E3147000,AM_17,73.0
833,CRS3035RES1000mN2026000E3147000,AM_19,92.0
834,CRS3035RES1000mN2026000E3147000,AM_20,101.0
835,CRS3035RES1000mN2026000E3147000,AM_21,78.0
836,CRS3035RES1000mN2026000E3147000,AM_22,105.0
837,CRS3035RES1000mN2026000E3147000,AM_23,85.0
838,CRS3035RES1000mN2026000E3147000,AM_24,70.0
839,CRS3035RES1000mN2026000E3147000,AM_25,77.0
840,CRS3035RES1000mN2026000E3147000,AM_27,36.0
841,CRS3035RES1000mN2026000E3147000,AM_28,94.0
842,CRS3035RES1000mN2026000E3147000,AM_29,80.0
843,CRS3035RES1000mN2026000E3147000,AM_30,64.0
844,CRS3035RES1000mN2026000E3147000,AM_32,80.0
845,CRS3035RES1000mN2026000E3147000,AM_33,72.0
846,CRS3035RES1000mN2026000E3147000,AM_34,105.0
847,CRS3035RES1000mN2026000E3147000,AM_35,87.0
848,CRS3035RES1000mN2026000E3147000,AM_36,76.0
849,CRS3035RES1000mN2026000E3147000,AM_37,68.0
850,CRS3035RES1000mN2026000E3147000,AM_38,80.0
851,CRS3035RES1000mN2026000E3148000,28027618,94.0
852,CRS3035RES1000mN2026000E3148000,28027591,97.0
853,CRS3035RES1000mN2026000E3148000,28027606,119.0
854,CRS3035RES1000mN2026000E3148000,28027898,
855,CRS3035RES1000mN2026000E3148000,28041810,100.0
856,CRS3035RES1000mN2026000E3148000,AM_1,65.0
857,CRS3035RES1000mN2026000E3148000,AM_2,103.0
858,CRS3035RES1000mN2026000E3148000,AM_3,101.0
859,CRS3035RES1000mN2026000E3148000,AM_5,89.0
860,CRS3035RES1000mN2026000E3148000,AM_8,84.0
861,CRS3035RES1000mN2026000E3148000,AM_9,
862,CRS3035RES1000mN2026000E3148000,AM_10,104.0
863,CRS3035RES1000mN2026000E3148000,AM_11,94.0
864,CRS3035RES1000mN2026000E3148000,AM_12,115.0
865,CRS3035RES1000mN2026000E3148000,AM_13,
866,CRS3035RES1000mN2026000E3148000,AM_14,99.0
867,CRS3035RES1000mN2026000E3148000,AM_15,
868,CRS3035RES1000mN2026000E3148000,AM_16,85.0
869,CRS3035RES1000mN2026000E3148000,AM_17,84.0
870,CRS3035RES1000mN2026000E3148000,AM_19,107.0
871,CRS3035RES1000mN2026000E3148000,AM_20,113.0
872,CRS3035RES1000mN2026000E3148000,AM_21,92.0
873,CRS3035RES1000mN2026000E3148000,AM_22,117.0
874,CRS3035RES1000mN2026000E3148000,AM_23,98.0
875,CRS3035RES1000mN2026000E3148000,AM_24,87.0
876,CRS3035RES1000mN2026000E3148000,AM_25,93.0
877,CRS3035RES1000mN2026000E3148000,AM_27,63.0
878,CRS3035RES1000mN2026000E3148000,AM_28,108.0
879,CRS3035RES1000mN2026000E3148000,AM_29,109.0
880,CRS3035RES1000mN2026000E3148000,AM_30,81.0
881,CRS3035RES1000mN2026000E3148000,AM_32,96.0
882,CRS3035RES1000mN2026000E3148000,AM_33,88.0
883,CRS3035RES1000mN2026000E3148000,AM_34,
884,CRS3035RES1000mN2026000E3148000,AM_35,103.0
885,CRS3035RES1000mN2026000E3148000,AM_36,90.0
886,CRS3035RES1000mN2026000E3148000,AM_37,71.0
887,CRS3035RES1000mN2026000E3148000,AM_38,95.0
888,CRS3035RES1000mN2027000E3144000,28027618,102.0
889,CRS3035RES1000mN2027000E3144000,28027591,104.0
890,CRS3035RES1000mN2027000E3144000,28027606,
891,CRS3035RES1000mN2027000E3144000,28027898,
892,CRS3035RES1000mN2027000E3144000,28041810,113.0
893,CRS3035RES1000mN2027000E3144000,AM_1,75.0
894,CRS3035RES1000mN2027000E3144000,AM_2,110.0
895,CRS3035RES1000mN2027000E3144000,AM_3,114.0
896,CRS3035RES1000mN2027000E3144000,AM_5,95.0
897,CRS3035RES1000mN2027000E3144000,AM_8,70.0
898,CRS3035RES1000mN2027000E3144000,AM_9,
899,CRS3035RES1000mN2027000E3144000,AM_10,110.0
900,CRS3035RES1000mN2027000E3144000,AM_11,100.0
901,CRS3035RES1000mN2027000E3144000,AM_12,119.0
902,CRS3035RES1000mN2027000E3144000,AM_13,
903,CRS3035RES1000mN2027000E3144000,AM_14,106.0
904,CRS3035RES1000mN2027000E3144000,AM_15,
905,CRS3035RES1000mN2027000E3144000,AM_16,93.0
906,CRS3035RES1000mN2027000E3144000,AM_17,99.0
907,CRS3035RES1000mN2027000E3144000,AM_19,113.0
908,CRS3035RES1000mN2027000E3144000,AM_20,
909,CRS3035RES1000mN2027000E3144000,AM_21,98.0
910,CRS3035RES1000mN2027000E3144000,AM_22,
911,CRS3035RES1000mN2027000E3144000,AM_23,105.0
912,CRS3035RES1000mN2027000E3144000,AM_24,98.0
913,CRS3035RES1000mN2027000E3144000,AM_25,99.0
914,CRS3035RES1000mN2027000E3144000,AM_27,60.0
915,CRS3035RES1000mN2027000E3144000,AM_28,115.0
916,CRS3035RES1000mN2027000E3144000,AM_29,
917,CRS3035RES1000mN2027000E3144000,AM_30,93.0
918,CRS3035RES1000mN2027000E3144000,AM_32,102.0
919,CRS3035RES1000mN2027000E3144000,AM_33,93.0
920,CRS3035RES1000mN2027000E3144000,AM_34,
921,CRS3035RES1000mN2027000E3144000,AM_35,108.0
922,CRS3035RES1000mN2027000E3144000,AM_36,96.0
923,CRS3035RES1000mN2027000E3144000,AM_37,82.0
924,CRS3035RES1000mN2027000E3144000,AM_38,99.0
925,CRS3035RES1000mN2027000E3145000,28027618,107.0
926,CRS3035RES1000mN2027000E3145000,28027591,109.0
927,CRS3035RES1000mN2027000E3145000,28027606,
928,CRS3035RES1000mN2027000E3145000,28027898,
929,CRS3035RES1000mN2027000E3145000,28041810,116.0
930,CRS3035RES1000mN2027000E3145000,AM_1,81.0
931,CRS3035RES1000mN2027000E3145000,AM_2,114.0
932,CRS3035RES1000mN2027000E3145000,AM_3,115.0
933,CRS3035RES1000mN2027000E3145000,AM_5,100.0
934,CRS3035RES1000mN2027000E3145000,AM_8,102.0
935,CRS3035RES1000mN2027000E3145000,AM_9,
936,CRS3035RES1000mN2027000E3145000,AM_10,114.0
937,CRS3035RES1000mN2027000E3145000,AM_11,103.0
938,CRS3035RES1000mN2027000E3145000,AM_12,
939,CRS3035RES1000mN2027000E3145000,AM_13,
940,CRS3035RES1000mN2027000E3145000,AM_14,109.0
941,CRS3035RES1000mN2027000E3145000,AM_15,
942,CRS3035RES1000mN2027000E3145000,AM_16,98.0
943,CRS3035RES1000mN2027000E3145000,AM_17,104.0
944,CRS3035RES1000mN2027000E3145000,AM_19,116.0
945,CRS3035RES1000mN2027000E3145000,AM_20,
946,CRS3035RES1000mN2027000E3145000,AM_21,103.0
947,CRS3035RES1000mN2027000E3145000,AM_22,
948,CRS3035RES1000mN2027000E3145000,AM_23,109.0
949,CRS3035RES1000mN2027000E3145000,AM_24,103.0
950,CRS3035RES1000mN2027000E3145000,AM_25,102.0
951,CRS3035RES1000mN2027000E3145000,AM_27,65.0
952,CRS3035RES1000mN2027000E3145000,AM_28,119.0
953,CRS3035RES1000mN2027000E3145000,AM_29,
954,CRS3035RES1000mN2027000E3145000,AM_30,97.0
955,CRS3035RES1000mN2027000E3145000,AM_32,105.0
956,CRS3035RES1000mN2027000E3145000,AM_33,96.0
957,CRS3035RES1000mN2027000E3145000,AM_34,
958,CRS3035RES1000mN2027000E3145000,AM_35,111.0
959,CRS3035RES1000mN2027000E3145000,AM_36,101.0
960,CRS3035RES1000mN2027000E3145000,AM_37,90.0
961,CRS3035RES1000mN2027000E3145000,AM_38,103.0
962,CRS3035RES1000mN2027000E3146000,28027618,105.0
963,CRS3035RES1000mN2027000E3146000,28027591,107.0
964,CRS3035RES1000mN2027000E3146000,28027606,
965,CRS3035RES1000mN2027000E3146000,28027898,
966,CRS3035RES1000mN2027000E3146000,28041810,111.0
967,CRS3035RES1000mN2027000E3146000,AM_1,74.0
968,CRS3035RES1000mN2027000E3146000,AM_2,112.0
969,CRS3035RES1000mN2027000E3146000,AM_3,111.0
970,CRS3035RES1000mN2027000E3146000,AM_5,98.0
971,CRS3035RES1000mN2027000E3146000,AM_8,87.0
972,CRS3035RES1000mN2027000E3146000,AM_9,
973,CRS3035RES1000mN2027000E3146000,AM_10,112.0
974,CRS3035RES1000mN2027000E3146000,AM_11,102.0
975,CRS3035RES1000mN2027000E3146000,AM_12,
976,CRS3035RES1000mN2027000E3146000,AM_13,
977,CRS3035RES1000mN2027000E3146000,AM_14,108.0
978,CRS3035RES1000mN2027000E3146000,AM_15,
979,CRS3035RES1000mN2027000E3146000,AM_16,96.0
980,CRS3035RES1000mN2027000E3146000,AM_17,98.0
981,CRS3035RES1000mN2027000E3146000,AM_19,115.0
982,CRS3035RES1000mN2027000E3146000,AM_20,
983,CRS3035RES1000mN2027000E3146000,AM_21,101.0
984,CRS3035RES1000mN2027000E3146000,AM_22,
985,CRS3035RES1000mN2027000E3146000,AM_23,108.0
986,CRS3035RES1000mN2027000E3146000,AM_24,97.0
987,CRS3035RES1000mN2027000E3146000,AM_25,100.0
988,CRS3035RES1000mN2027000E3146000,AM_27,58.0
989,CRS3035RES1000mN2027000E3146000,AM_28,117.0
990,CRS3035RES1000mN2027000E3146000,AM_29,111.0
991,CRS3035RES1000mN2027000E3146000,AM_30,92.0
992,CRS3035RES1000mN2027000E3146000,AM_32,104.0
993,CRS3035RES1000mN2027000E3146000,AM_33,95.0
994,CRS3035RES1000mN2027000E3146000,AM_34,
995,CRS3035RES1000mN2027000E3146000,AM_35,110.0
996,CRS3035RES1000mN2027000E3146000,AM_36,99.0
997,CRS3035RES1000mN2027000E3146000,AM_37,73.0
998,CRS3035RES1000mN2027000E3146000,AM_38,101.0
999,CRS3035RES1000mN2027000E3147000,28027618,88.0
1000,CRS3035RES1000mN2027000E3147000,28027591,91.0
1001,CRS3035RES1000mN2027000E3147000,28027606,110.0
1002,CRS3035RES1000mN2027000E3147000,28027898,115.0
1003,CRS3035RES1000mN2027000E3147000,28041810,104.0
1004,CRS3035RES1000mN2027000E3147000,AM_1,68.0
1005,CRS3035RES1000mN2027000E3147000,AM_2,96.0
1006,CRS3035RES1000mN2027000E3147000,AM_3,86.0
1007,CRS3035RES1000mN2027000E3147000,AM_5,82.0
1008,CRS3035RES1000mN2027000E3147000,AM_8,84.0
1009,CRS3035RES1000mN2027000E3147000,AM_9,107.0
1010,CRS3035RES1000mN2027000E3147000,AM_10,96.0
1011,CRS3035RES1000mN2027000E3147000,AM_11,86.0
1012,CRS3035RES1000mN2027000E3147000,AM_12,103.0
1013,CRS3035RES1000mN2027000E3147000,AM_13,114.0
1014,CRS3035RES1000mN2027000E3147000,AM_14,92.0
1015,CRS3035RES1000mN2027000E3147000,AM_15,118.0
1016,CRS3035RES1000mN2027000E3147000,AM_16,88.0
1017,CRS3035RES1000mN2027000E3147000,AM_17,84.0
1018,CRS3035RES1000mN2027000E3147000,AM_19,99.0
1019,CRS3035RES1000mN2027000E3147000,AM_20,112.0
1020,CRS3035RES1000mN2027000E3147000,AM_21,85.0
1021,CRS3035RES1000mN2027000E3147000,AM_22,116.0
1022,CRS3035RES1000mN2027000E3147000,AM_23,92.0
1023,CRS3035RES1000mN2027000E3147000,AM_24,90.0
1024,CRS3035RES1000mN2027000E3147000,AM_25,85.0
1025,CRS3035RES1000mN2027000E3147000,AM_27,60.0
1026,CRS3035RES1000mN2027000E3147000,AM_28,101.0
1027,CRS3035RES1000mN2027000E3147000,AM_29,82.0
1028,CRS3035RES1000mN2027000E3147000,AM_30,82.0
1029,CRS3035RES1000mN2027000E3147000,AM_32,88.0
1030,CRS3035RES1000mN2027000E3147000,AM_33,79.0
1031,CRS3035RES1000mN2027000E3147000,AM_34,
1032,CRS3035RES1000mN2027000E3147000,AM_35,94.0
1033,CRS3035RES1000mN2027000E3147000,AM_36,83.0
1034,CRS3035RES1000mN2027000E3147000,AM_37,48.0
1035,CRS3035RES1000mN2027000E3147000,AM_38,82.0
1036,CRS3035RES1000mN2027000E3148000,28027618,103.0
1037,CRS3035RES1000mN2027000E3148000,28027591,105.0
1038,CRS3035RES1000mN2027000E3148000,28027606,
1039,CRS3035RES1000mN2027000E3148000,28027898,
1040,CRS3035RES1000mN2027000E3148000,28041810,109.0
1041,CRS3035RES1000mN2027000E3148000,AM_1,74.0
1042,CRS3035RES1000mN2027000E3148000,AM_2,110.0
1043,CRS3035RES1000mN2027000E3148000,AM_3,113.0
1044,CRS3035RES1000mN2027000E3148000,AM_5,96.0
1045,CRS3035RES1000mN2027000E3148000,AM_8,100.0
1046,CRS3035RES1000mN2027000E3148000,AM_9,
1047,CRS3035RES1000mN2027000E3148000,AM_10,111.0
1048,CRS3035RES1000mN2027000E3148000,AM_11,101.0
1049,CRS3035RES1000mN2027000E3148000,AM_12,
1050,CRS3035RES1000mN2027000E3148000,AM_13,
1051,CRS3035RES1000mN2027000E3148000,AM_14,106.0
1052,CRS3035RES1000mN2027000E3148000,AM_15,
1053,CRS3035RES1000mN2027000E3148000,AM_16,93.0
1054,CRS3035RES1000mN2027000E3148000,AM_17,96.0
1055,CRS3035RES1000mN2027000E3148000,AM_19,113.0
1056,CRS3035RES1000mN2027000E3148000,AM_20,
1057,CRS3035RES1000mN2027000E3148000,AM_21,99.0
1058,CRS3035RES1000mN2027000E3148000,AM_22,
1059,CRS3035RES1000mN2027000E3148000,AM_23,106.0
1060,CRS3035RES1000mN2027000E3148000,AM_24,101.0
1061,CRS3035RES1000mN2027000E3148000,AM_25,99.0
1062,CRS3035RES1000mN2027000E3148000,AM_27,69.0
1063,CRS3035RES1000mN2027000E3148000,AM_28,115.0
1064,CRS3035RES1000mN2027000E3148000,AM_29,
1065,CRS3035RES1000mN2027000E3148000,AM_30,91.0
1066,CRS3035RES1000mN2027000E3148000,AM_32,102.0
1067,CRS3035RES1000mN2027000E3148000,AM_33,94.0
1068,CRS3035RES1000mN2027000E3148000,AM_34,
1069,CRS3035RES1000mN2027000E3148000,AM_35,109.0
1070,CRS3035RES1000mN2027000E3148000,AM_36,97.0
1071,CRS3035RES1000mN2027000E3148000,AM_37,85.0
1072,CRS3035RES1000mN2027000E3148000,AM_38,100.0
1073,CRS3035RES1000mN2028000E3146000,28027618,65.0
1074,CRS3035RES1000mN2028000E3146000,28027591,76.0
1075,CRS3035RES1000mN2028000E3146000,28027606,102.0
1076,CRS3035RES1000mN2028000E3146000,28027898,100.0
1077,CRS3035RES1000mN2028000E3146000,28041810,93.0
1078,CRS3035RES1000mN2028000E3146000,AM_1,75.0
1079,CRS3035RES1000mN2028000E3146000,AM_2,82.0
1080,CRS3035RES1000mN2028000E3146000,AM_3,75.0
1081,CRS3035RES1000mN2028000E3146000,AM_5,67.0
1082,CRS3035RES1000mN2028000E3146000,AM_8,58.0
1083,CRS3035RES1000mN2028000E3146000,AM_9,99.0
1084,CRS3035RES1000mN2028000E3146000,AM_10,82.0
1085,CRS3035RES1000mN2028000E3146000,AM_11,72.0
1086,CRS3035RES1000mN2028000E3146000,AM_12,95.0
1087,CRS3035RES1000mN2028000E3146000,AM_13,112.0
1088,CRS3035RES1000mN2028000E3146000,AM_14,75.0
1089,CRS3035RES1000mN2028000E3146000,AM_15,103.0
1090,CRS3035RES1000mN2028000E3146000,AM_16,73.0
1091,CRS3035RES1000mN2028000E3146000,AM_17,82.0
1092,CRS3035RES1000mN2028000E3146000,AM_19,85.0
1093,CRS3035RES1000mN2028000E3146000,AM_20,97.0
1094,CRS3035RES1000mN2028000E3146000,AM_21,70.0
1095,CRS3035RES1000mN2028000E3146000,AM_22,101.0
1096,CRS3035RES1000mN2028000E3146000,AM_23,78.0
1097,CRS3035RES1000mN2028000E3146000,AM_24,97.0
1098,CRS3035RES1000mN2028000E3146000,AM_25,70.0
1099,CRS3035RES1000mN2028000E3146000,AM_27,93.0
1100,CRS3035RES1000mN2028000E3146000,AM_28,86.0
1101,CRS3035RES1000mN2028000E3146000,AM_29,77.0
1102,CRS3035RES1000mN2028000E3146000,AM_30,78.0
1103,CRS3035RES1000mN2028000E3146000,AM_32,73.0
1104,CRS3035RES1000mN2028000E3146000,AM_33,65.0
1105,CRS3035RES1000mN2028000E3146000,AM_34,111.0
1106,CRS3035RES1000mN2028000E3146000,AM_35,80.0
1107,CRS3035RES1000mN2028000E3146000,AM_36,69.0
1108,CRS3035RES1000mN2028000E3146000,AM_37,41.0
1109,CRS3035RES1000mN2028000E3146000,AM_38,67.0
1110,CRS3035RES1000mN2028000E3147000,28027618,61.0
1111,CRS3035RES1000mN2028000E3147000,28027591,76.0
1112,CRS3035RES1000mN2028000E3147000,28027606,100.0
1113,CRS3035RES1000mN2028000E3147000,28027898,99.0
1114,CRS3035RES1000mN2028000E3147000,28041810,92.0
1115,CRS3035RES1000mN2028000E3147000,AM_1,74.0
1116,CRS3035RES1000mN2028000E3147000,AM_2,81.0
1117,CRS3035RES1000mN2028000E3147000,AM_3,75.0
1118,CRS3035RES1000mN2028000E3147000,AM_5,67.0
1119,CRS3035RES1000mN2028000E3147000,AM_8,62.0
1120,CRS3035RES1000mN2028000E3147000,AM_9,97.0
1121,CRS3035RES1000mN2028000E3147000,AM_10,81.0
1122,CRS3035RES1000mN2028000E3147000,AM_11,71.0
1123,CRS3035RES1000mN2028000E3147000,AM_12,94.0
1124,CRS3035RES1000mN2028000E3147000,AM_13,110.0
1125,CRS3035RES1000mN2028000E3147000,AM_14,73.0
1126,CRS3035RES1000mN2028000E3147000,AM_15,103.0
1127,CRS3035RES1000mN2028000E3147000,AM_16,73.0
1128,CRS3035RES1000mN2028000E3147000,AM_17,81.0
1129,CRS3035RES1000mN2028000E3147000,AM_19,83.0
1130,CRS3035RES1000mN2028000E3147000,AM_20,97.0
1131,CRS3035RES1000mN2028000E3147000,AM_21,69.0
1132,CRS3035RES1000mN2028000E3147000,AM_22,100.0
1133,CRS3035RES1000mN2028000E3147000,AM_23,76.0
1134,CRS3035RES1000mN2028000E3147000,AM_24,95.0
1135,CRS3035RES1000mN2028000E3147000,AM_25,69.0
1136,CRS3035RES1000mN2028000E3147000,AM_27,71.0
1137,CRS3035RES1000mN2028000E3147000,AM_28,86.0
1138,CRS3035RES1000mN2028000E3147000,AM_29,77.0
1139,CRS3035RES1000mN2028000E3147000,AM_30,77.0
1140,CRS3035RES1000mN2028000E3147000,AM_32,72.0
1141,CRS3035RES1000mN2028000E3147000,AM_33,64.0
1142,CRS3035RES1000mN2028000E3147000,AM_34,111.0
1143,CRS3035RES1000mN2028000E3147000,AM_35,78.0
1144,CRS3035RES1000mN2028000E3147000,AM_36,68.0
1145,CRS3035RES1000mN2028000E3147000,AM_37,33.0
1146,CRS3035RES1000mN2028000E3147000,AM_38,66.0
1147,CRS3035RES1000mN2029000E3147000,28027618,61.0
1148,CRS3035RES1000mN2029000E3147000,28027591,63.0
1149,CRS3035RES1000mN2029000E3147000,28027606,83.0
1150,CRS3035RES1000mN2029000E3147000,28027898,87.0
1151,CRS3035RES1000mN2029000E3147000,28041810,83.0
1152,CRS3035RES1000mN2029000E3147000,AM_1,60.0
1153,CRS3035RES1000mN2029000E3147000,AM_2,68.0
1154,CRS3035RES1000mN2029000E3147000,AM_3,60.0
1155,CRS3035RES1000mN2029000E3147000,AM_5,54.0
1156,CRS3035RES1000mN2029000E3147000,AM_8,58.0
1157,CRS3035RES1000mN2029000E3147000,AM_9,70.0
1158,CRS3035RES1000mN2029000E3147000,AM_10,68.0
1159,CRS3035RES1000mN2029000E3147000,AM_11,57.0
1160,CRS3035RES1000mN2029000E3147000,AM_12,80.0
1161,CRS3035RES1000mN2029000E3147000,AM_13,92.0
1162,CRS3035RES1000mN2029000E3147000,AM_14,64.0
1163,CRS3035RES1000mN2029000E3147000,AM_15,89.0
1164,CRS3035RES1000mN2029000E3147000,AM_16,59.0
1165,CRS3035RES1000mN2029000E3147000,AM_17,58.0
1166,CRS3035RES1000mN2029000E3147000,AM_19,69.0
1167,CRS3035RES1000mN2029000E3147000,AM_20,83.0
1168,CRS3035RES1000mN2029000E3147000,AM_21,57.0
1169,CRS3035RES1000mN2029000E3147000,AM_22,87.0
1170,CRS3035RES1000mN2029000E3147000,AM_23,63.0
1171,CRS3035RES1000mN2029000E3147000,AM_24,79.0
1172,CRS3035RES1000mN2029000E3147000,AM_25,56.0
1173,CRS3035RES1000mN2029000E3147000,AM_27,68.0
1174,CRS3035RES1000mN2029000E3147000,AM_28,73.0
1175,CRS3035RES1000mN2029000E3147000,AM_29,63.0
1176,CRS3035RES1000mN2029000E3147000,AM_30,62.0
1177,CRS3035RES1000mN2029000E3147000,AM_32,59.0
1178,CRS3035RES1000mN2029000E3147000,AM_33,50.0
1179,CRS3035RES1000mN2029000E3147000,AM_34,92.0
1180,CRS3035RES1000mN2029000E3147000,AM_35,65.0
1181,CRS3035RES1000mN2029000E3147000,AM_36,55.0
1182,CRS3035RES1000mN2029000E3147000,AM_37,17.0
1183,CRS3035RES1000mN2029000E3147000,AM_38,52.0
